recorded_at,evidence_id,case_id,file_name,sha256,md5,file_size_bytes
2026-07-25T16:24:18.083Z,EVID_00005,CASE_EE8250FB76,EVID_00005__238e5145__08_complaint_letter.pdf,fe644062bf75e62c8ae13ec24c7e0461491a5610095a50546c4fa757d98e866f,e17e7e50a732d802fb4beb65f3261a7b,3750
2026-07-25T17:16:46.807Z,EVID_00007,CASE_185915593C,EVID_00007__43087bac__01_sms_screenshot.jpg,905b21d603ca0a6f49fd226e46470c85d509dce56f8ab68edce76b6b7ff8cec7,05471bdae74b0a57a20a1dc2a20d3a05,19872
2026-07-25T17:17:42.862Z,EVID_00008,CASE_185915593C,EVID_00008__24fa44ef__02_messenger_chat.jpg,bb246839287ca1bcc1f6a38bbdf26489ef6eb74213b7fc2d224597a910bf4ef4,2815ceeb4ec0a13c892fc10903498d31,64791
2026-07-25T17:18:41.771Z,EVID_00009,CASE_185915593C,EVID_00009__4a5c4214__03_qr_code_flyer.png,6f712c8b0e4fb6c50d156a1bf002713b4bbd60bf7db0a9cf7fbe3ea04b2cbdf9,bbd162dafca012d85498f7723b7e1919,34318
2026-07-25T17:19:04.836Z,EVID_00010,CASE_185915593C,EVID_00010__2dd175d2__04_esewa_payment_screenshot.jpg,3a19295ff003a894311ef7efcf80bb94c8feec5a69590c3052f7f8d60ce7217b,ce85e949a68e8f118d090975caeacd78,22001
2026-07-25T17:20:06.396Z,EVID_00011,CASE_185915593C,EVID_00011__2a6393e0__05_khalti_receipt.jpg,54a62cd3ad10a85b9b060ff73dcab3d5fb2bb3f073f3bcab66f90ae45d7d779b,e88d3f571903d5174ab176504ae917d2,23769
2026-07-25T17:20:36.142Z,EVID_00012,CASE_185915593C,EVID_00012__72886ed6__06_phishing_email_screenshot.jpg,b6ec522eddc05475f9ec7671ec46098a129fa8be863cc270c97b42b702e71134,bcbaed132db777ae827502ee51af00eb,25904
2026-07-25T17:26:17.422Z,EVID_00013,CASE_185915593C,EVID_00013__f45f620d__07_bank_transfer_slip.pdf,6f1cc10ae55d554c751ee1cbf688924c8962c5faebe87be8c457d077d6bc63c2,038170639b0630f855effff4f2bfe16d,108986
2026-07-25T17:26:20.614Z,EVID_00014,CASE_185915593C,EVID_00014__063e17da__08_complaint_letter.pdf,fe644062bf75e62c8ae13ec24c7e0461491a5610095a50546c4fa757d98e866f,e17e7e50a732d802fb4beb65f3261a7b,3750
2026-08-03T14:00:02.836Z,EVID_00015,CASE_1A1BF573F3,EVID_00015__ccf57c11__01_sms_screenshot.jpg,905b21d603ca0a6f49fd226e46470c85d509dce56f8ab68edce76b6b7ff8cec7,05471bdae74b0a57a20a1dc2a20d3a05,19872
2026-08-03T14:00:14.152Z,EVID_00016,CASE_1A1BF573F3,EVID_00016__958539b6__02_messenger_chat.jpg,bb246839287ca1bcc1f6a38bbdf26489ef6eb74213b7fc2d224597a910bf4ef4,2815ceeb4ec0a13c892fc10903498d31,64791
2026-08-03T14:00:17.950Z,EVID_00017,CASE_1A1BF573F3,EVID_00017__05312fde__03_qr_code_flyer.png,6f712c8b0e4fb6c50d156a1bf002713b4bbd60bf7db0a9cf7fbe3ea04b2cbdf9,bbd162dafca012d85498f7723b7e1919,34318
2026-08-03T14:00:22.113Z,EVID_00018,CASE_1A1BF573F3,EVID_00018__0a935ec9__04_esewa_payment_screenshot.jpg,3a19295ff003a894311ef7efcf80bb94c8feec5a69590c3052f7f8d60ce7217b,ce85e949a68e8f118d090975caeacd78,22001
2026-08-03T14:00:26.079Z,EVID_00019,CASE_1A1BF573F3,EVID_00019__45eb7684__05_khalti_receipt.jpg,54a62cd3ad10a85b9b060ff73dcab3d5fb2bb3f073f3bcab66f90ae45d7d779b,e88d3f571903d5174ab176504ae917d2,23769
2026-08-03T14:00:30.957Z,EVID_00020,CASE_1A1BF573F3,EVID_00020__b805dbe7__06_phishing_email_screenshot.jpg,b6ec522eddc05475f9ec7671ec46098a129fa8be863cc270c97b42b702e71134,bcbaed132db777ae827502ee51af00eb,25904
2026-08-03T14:00:53.692Z,EVID_00021,CASE_1A1BF573F3,EVID_00021__6a43ec88__07_bank_transfer_slip.pdf,6f1cc10ae55d554c751ee1cbf688924c8962c5faebe87be8c457d077d6bc63c2,038170639b0630f855effff4f2bfe16d,108986
2026-08-03T14:00:54.466Z,EVID_00022,CASE_1A1BF573F3,EVID_00022__f5eb2b4c__08_complaint_letter.pdf,fe644062bf75e62c8ae13ec24c7e0461491a5610095a50546c4fa757d98e866f,e17e7e50a732d802fb4beb65f3261a7b,3750
2026-08-03T14:00:55.109Z,EVID_00023,CASE_1A1BF573F3,EVID_00023__24797250__bank_transactions.csv,fbc5fcf7403a5aa8c042baed4343d0162e8d3506ff5d1163864662d25602e87e,ff2a5c4bb00287c3333799c306905d13,184
2026-08-03T14:00:57.366Z,EVID_00024,CASE_1A1BF573F3,EVID_00024__db49d752__phishing_email_screenshot.png,8ef0f27a84960b656d9051892e36096ce56fe9f30eb9a935d4d4330a002b9b7f,f11328081222c3f8ff4b9f7418cbf473,11738
2026-08-03T14:01:00.660Z,EVID_00025,CASE_1A1BF573F3,EVID_00025__d96bd945__romanchat.jpg,0340d5863313f4cc0b9b40ed835a77a71b8304d2e08eb32f08a56ed93a6e0b10,13337cd30f8412fe8f8be6da69498b53,33294
2026-08-20T14:46:35.801Z,EVID_00006,CASE_EE8250FB76,EVID_00006__ae2ee49e__07_bank_transfer_slip.pdf,6f1cc10ae55d554c751ee1cbf688924c8962c5faebe87be8c457d077d6bc63c2,038170639b0630f855effff4f2bfe16d,108986
2026-08-21T03:27:25.360Z,EVID_00015,CASE_1A1BF573F3,EVID_00015__d558b373__01_sms_screenshot.jpg,905b21d603ca0a6f49fd226e46470c85d509dce56f8ab68edce76b6b7ff8cec7,05471bdae74b0a57a20a1dc2a20d3a05,19872
2026-08-21T03:27:25.538Z,EVID_00016,CASE_1A1BF573F3,EVID_00016__10b0e203__02_messenger_chat.jpg,bb246839287ca1bcc1f6a38bbdf26489ef6eb74213b7fc2d224597a910bf4ef4,2815ceeb4ec0a13c892fc10903498d31,64791
2026-08-21T03:27:25.796Z,EVID_00017,CASE_1A1BF573F3,EVID_00017__8facd319__03_qr_code_flyer.png,6f712c8b0e4fb6c50d156a1bf002713b4bbd60bf7db0a9cf7fbe3ea04b2cbdf9,bbd162dafca012d85498f7723b7e1919,34318
2026-08-21T03:27:25.885Z,EVID_00018,CASE_1A1BF573F3,EVID_00018__47bf36a0__04_esewa_payment_screenshot.jpg,3a19295ff003a894311ef7efcf80bb94c8feec5a69590c3052f7f8d60ce7217b,ce85e949a68e8f118d090975caeacd78,22001
2026-08-21T03:27:25.972Z,EVID_00019,CASE_1A1BF573F3,EVID_00019__bd442258__05_khalti_receipt.jpg,54a62cd3ad10a85b9b060ff73dcab3d5fb2bb3f073f3bcab66f90ae45d7d779b,e88d3f571903d5174ab176504ae917d2,23769
2026-08-21T06:37:34.414Z,EVID_00026,CASE_0CD406813C,EVID_00026__6f69bc46__07_qr_flyer_poor_capture.jpg,54ecd6f0726dc06df8a4080f5377ce550949435850008b0cb18beeb199da5cdc,d088572dc030d1ab6fd3e622e0fef607,10725
2026-08-21T06:37:35.586Z,EVID_00027,CASE_0CD406813C,EVID_00027__7010af97__06_complaint_letter.pdf,92af393efbe4f1c68816dd41fe4f22a3c92fb51aabd653c9a733e51f432579d1,c073e457f2381107e77ed35219ba17d0,79378
2026-08-21T06:37:35.627Z,EVID_00028,CASE_0CD406813C,EVID_00028__5065b14f__05_bank_statement.csv,4bf76c0070966e3953399f40b5e7e857385972901f7f0ec90d1f62a8883a1b2d,9636ceb783470034b023f14b4cd7a792,237
2026-08-21T06:37:35.824Z,EVID_00029,CASE_0CD406813C,EVID_00029__603b4019__04_phishing_email.txt,e094c54741fc7f917edb2ed1de466f4b06e7db8a51ef1414d85eb77fa4bda9f8,de0e3e224ae1993dcf9776c7dae14341,828
2026-08-21T06:37:39.787Z,EVID_00030,CASE_0CD406813C,EVID_00030__88a3fee6__03_esewa_payment_receipt.jpg,82cca081731e572e0951071a23a00ca1ae6d34c40af85a267239d6972f35a028,b7a7da3d0b1fcfc505180138095add64,41556
2026-08-21T06:37:43.512Z,EVID_00031,CASE_0CD406813C,EVID_00031__06357d8e__02_messenger_chat.jpg,7624533fbd367356fab83feb47c09adcfd469d85541e4304f4cd6b9871c4a1c3,c7e043d97f9e9316eb863d22c37a8459,48706
2026-08-21T06:37:48.004Z,EVID_00032,CASE_0CD406813C,EVID_00032__f646f851__01_sms_cashback_offer.jpg,24fbac36402807e454b2f69df2a9b2a6c5379acd13b062ed1a98f54b0205947e,c8c6eefbbeb31ca5554753c0ee7c7f4b,29601
2026-08-21T06:38:44.656Z,EVID_00033,CASE_0CD406813C,EVID_00033__209f721a__https_esewa-bonus-claim.xyz_verify_ref_DSN2026.url,4a23480101586a51f81577723dcedd0f27a7d5f6c08e32db61363ce95792b2a5,de11a45bb3aa92cc40f58a7c8d08976f,49
2026-08-21T06:43:00.948Z,EVID_00034,CASE_4B2A51A300,EVID_00034__976440e2__07_fake_support_profile.jpg,6d92c801ed6d05fa286c12f47ae02d132bead9fbdb9bff677ee09c9d75b9182f,9a597012249517af9bc6394971b1d1d0,23573
2026-08-21T06:43:01.309Z,EVID_00035,CASE_4B2A51A300,EVID_00035__8b8ce479__06_police_complaint.pdf,1faf503b6bb893fe3af90c59467475a200c619c14640adef12710a7417cb1fca,4cb227b70454f358573c79a1a040a2d0,79303
2026-08-21T06:43:01.359Z,EVID_00036,CASE_4B2A51A300,EVID_00036__7582b33b__05_transactions.csv,6a007523d9087637c918cd46126302cc8a5173087004379c560c56299d68ddd0,695343eb724dc3394f8d19cf60ccad41,233
2026-08-21T06:43:01.422Z,EVID_00037,CASE_4B2A51A300,EVID_00037__35e89c84__04_kyc_phishing_email.txt,c7e51499cd6ed8d389ba79bb4c8f8cf2dc9b70d569f950826478969dd685ff8d,27941c6164726a28f8e6f4c727066f58,781
2026-08-21T06:43:07.838Z,EVID_00038,CASE_4B2A51A300,EVID_00038__ae26097c__03_khalti_receipt.jpg,1257b4d56141a312458e7cb6d0150962bdd14c1c2a78fe36de7a8b58d0e472d1,d2469e02b34eadc7a7645dfbb7adafdc,39966
2026-08-21T06:43:11.477Z,EVID_00039,CASE_4B2A51A300,EVID_00039__c84460c4__02_whatsapp_chat.jpg,4418cd74971cd5335563109352c019c8ddf261179ecac874392fe1474f74cc31,096985091b4ff5e900be1b9f140e7242,48078
2026-08-21T06:43:14.941Z,EVID_00040,CASE_4B2A51A300,EVID_00040__24b3096a__01_khalti_kyc_sms.jpg,92e987df1a332874a7e5e78eee6b199d33a2cf9c68e657335adc33529cc7faae,964da26d9ac2835ee14cfb33fda8912b,20162
2026-08-21T06:43:15.088Z,EVID_00041,CASE_4B2A51A300,EVID_00041__d9394b91__http_khalti-kyc-verify.top_login.url,2576cee0748325bb6eb525dcda7ed95b0115cac7336260f31149f15dd3e6e56a,e2d2981d658e2a21b186573f3a18b6b0,35
2026-08-21T06:43:15.145Z,EVID_00042,CASE_4B2A51A300,EVID_00042__e5cf6182__https_esewa-bonus-claim.xyz_verify_ref_KYC2026.url,e419582edacddd1546d5d02c7f831ac5deacb68e5936be289619a9f2f4839f33,a87e4770c23b8d158c839ac253a5af5e,49
