timestamp,case_id,evidence_id,module,action,level,message,duration_ms
2026-07-25T16:24:18.076Z,CASE_EE8250FB76,EVID_00005,phase1_pipeline,started,INFO,file=08_complaint_letter.pdf image=False,0.0
2026-07-25T16:24:18.083Z,CASE_EE8250FB76,EVID_00005,file_integrity,fingerprinted,INFO,sha256=fe644062bf75e62c... entropy=6.1851 magic=PDF document duplicate=False,5.5
2026-07-25T16:24:18.086Z,CASE_EE8250FB76,EVID_00005,metadata_extraction,extracted,INFO,type=pdf notes=0 errors=0,1.2
2026-07-25T16:24:18.088Z,CASE_EE8250FB76,EVID_00005,confidence_scoring,scored,INFO,score=100.0 level=VERY_HIGH components=3/6,0.0
2026-07-25T16:24:18.088Z,CASE_EE8250FB76,EVID_00005,phase1_pipeline,completed,INFO,"analyses=['confidence', 'fingerprint', 'metadata'] failures=none",12.3
2026-07-25T17:16:46.800Z,CASE_185915593C,EVID_00007,phase1_pipeline,started,INFO,file=01_sms_screenshot.jpg image=True,0.0
2026-07-25T17:16:46.807Z,CASE_185915593C,EVID_00007,file_integrity,fingerprinted,INFO,sha256=905b21d603ca0a6f... entropy=7.4803 magic=JPEG image duplicate=False,5.1
2026-07-25T17:16:46.809Z,CASE_185915593C,EVID_00007,metadata_extraction,extracted,INFO,type=image notes=1 errors=0,1.0
2026-07-25T17:16:46.832Z,CASE_185915593C,EVID_00007,quality_assessment,assessed,INFO,score=62.4 grade=FAIR expected_ocr=79.4%,17.9
2026-07-25T17:16:47.415Z,CASE_185915593C,EVID_00007,forgery_detection,analyzed,INFO,score=17.8 risk=LOW status=LIKELY_AUTHENTIC,581.7
2026-07-25T17:16:47.418Z,CASE_185915593C,EVID_00007,advanced_preprocessing,op:perspective_correction,INFO,applied=False no dominant quadrilateral,2.5
2026-07-25T17:16:47.422Z,CASE_185915593C,EVID_00007,advanced_preprocessing,op:super_resolution,INFO,applied=True lanczos_x1.40,4.0
2026-07-25T17:16:47.425Z,CASE_185915593C,EVID_00007,advanced_preprocessing,op:edge_enhancement,INFO,applied=True unsharp_mask(amount=0.6),3.0
2026-07-25T17:16:47.443Z,CASE_185915593C,EVID_00007,advanced_preprocessing,completed,INFO,2/3 operations applied,27.2
2026-07-25T17:17:05.459Z,CASE_185915593C,EVID_00007,multi_ocr_fusion,engine:paddleocr,INFO,"15 lines, avg conf 0.94",18006.8
2026-07-25T17:17:05.471Z,CASE_185915593C,EVID_00007,multi_ocr_fusion,engine:easyocr,WARNING,unavailable (library or binary not installed),0.0
2026-07-25T17:17:05.472Z,CASE_185915593C,EVID_00007,multi_ocr_fusion,engine:tesseract,WARNING,unavailable (library or binary not installed),0.0
2026-07-25T17:17:05.492Z,CASE_185915593C,EVID_00007,multi_ocr_fusion,completed,INFO,selected=paddleocr source=selected confidence=0.94,18030.5
2026-07-25T17:17:05.519Z,CASE_185915593C,EVID_00007,logo_detection,detected,INFO,brands=['eSewa'],22.7
2026-07-25T17:17:05.524Z,CASE_185915593C,EVID_00007,confidence_scoring,scored,INFO,score=85.6 level=VERY_HIGH components=6/6,0.0
2026-07-25T17:17:05.524Z,CASE_185915593C,EVID_00007,phase1_pipeline,completed,INFO,"analyses=['confidence', 'fingerprint', 'forgery', 'fusion', 'logos', 'metadata', 'preprocessing', 'quality'] failures=none",18724.3
2026-07-25T17:17:42.843Z,CASE_185915593C,EVID_00008,phase1_pipeline,started,INFO,file=02_messenger_chat.jpg image=True,0.0
2026-07-25T17:17:42.862Z,CASE_185915593C,EVID_00008,file_integrity,fingerprinted,INFO,sha256=bb246839287ca1bc... entropy=7.2066 magic=JPEG image duplicate=False,10.2
2026-07-25T17:17:42.873Z,CASE_185915593C,EVID_00008,metadata_extraction,extracted,INFO,type=image notes=1 errors=0,7.8
2026-07-25T17:17:43.048Z,CASE_185915593C,EVID_00008,quality_assessment,assessed,INFO,score=66.5 grade=GOOD expected_ocr=83.0%,128.6
2026-07-25T17:17:43.183Z,CASE_185915593C,EVID_00008,forgery_detection,analyzed,INFO,score=17.6 risk=LOW status=LIKELY_AUTHENTIC,133.1
2026-07-25T17:17:43.188Z,CASE_185915593C,EVID_00008,advanced_preprocessing,op:perspective_correction,INFO,applied=False no dominant quadrilateral,4.2
2026-07-25T17:17:43.194Z,CASE_185915593C,EVID_00008,advanced_preprocessing,op:edge_enhancement,INFO,applied=True unsharp_mask(amount=0.6),6.3
2026-07-25T17:17:43.225Z,CASE_185915593C,EVID_00008,advanced_preprocessing,completed,INFO,1/2 operations applied,40.3
2026-07-25T17:18:23.357Z,CASE_185915593C,EVID_00008,multi_ocr_fusion,engine:paddleocr,INFO,"25 lines, avg conf 0.95",40110.5
2026-07-25T17:18:23.377Z,CASE_185915593C,EVID_00008,multi_ocr_fusion,engine:easyocr,WARNING,unavailable (library or binary not installed),0.0
2026-07-25T17:18:23.379Z,CASE_185915593C,EVID_00008,multi_ocr_fusion,engine:tesseract,WARNING,unavailable (library or binary not installed),0.0
2026-07-25T17:18:23.397Z,CASE_185915593C,EVID_00008,multi_ocr_fusion,completed,INFO,selected=paddleocr source=selected confidence=0.95,40159.1
2026-07-25T17:18:23.489Z,CASE_185915593C,EVID_00008,logo_detection,detected,INFO,"brands=['Facebook', 'Gmail', 'Google', 'Messenger', 'Outlook', 'Telegram', 'eSewa']",85.2
2026-07-25T17:18:23.497Z,CASE_185915593C,EVID_00008,confidence_scoring,scored,INFO,score=86.7 level=VERY_HIGH components=6/6,0.0
2026-07-25T17:18:23.497Z,CASE_185915593C,EVID_00008,phase1_pipeline,completed,INFO,"analyses=['confidence', 'fingerprint', 'forgery', 'fusion', 'logos', 'metadata', 'preprocessing', 'quality'] failures=none",40657.2
2026-07-25T17:18:41.758Z,CASE_185915593C,EVID_00009,phase1_pipeline,started,INFO,file=03_qr_code_flyer.png image=True,0.0
2026-07-25T17:18:41.771Z,CASE_185915593C,EVID_00009,file_integrity,fingerprinted,INFO,sha256=6f712c8b0e4fb6c5... entropy=7.8927 magic=PNG image duplicate=False,4.9
2026-07-25T17:18:41.794Z,CASE_185915593C,EVID_00009,metadata_extraction,extracted,INFO,type=image notes=1 errors=0,18.4
2026-07-25T17:18:41.838Z,CASE_185915593C,EVID_00009,quality_assessment,assessed,INFO,score=90.3 grade=EXCELLENT expected_ocr=95.5%,32.8
2026-07-25T17:18:41.909Z,CASE_185915593C,EVID_00009,forgery_detection,analyzed,INFO,score=8.6 risk=LOW status=LIKELY_AUTHENTIC,69.3
2026-07-25T17:18:41.914Z,CASE_185915593C,EVID_00009,advanced_preprocessing,op:perspective_correction,INFO,applied=False no dominant quadrilateral,4.9
2026-07-25T17:18:41.918Z,CASE_185915593C,EVID_00009,advanced_preprocessing,op:super_resolution,INFO,applied=True lanczos_x1.17,3.7
2026-07-25T17:18:41.935Z,CASE_185915593C,EVID_00009,advanced_preprocessing,completed,INFO,1/2 operations applied,23.8
2026-07-25T17:18:50.668Z,CASE_185915593C,EVID_00009,multi_ocr_fusion,engine:paddleocr,INFO,"6 lines, avg conf 0.99",8713.9
2026-07-25T17:18:50.678Z,CASE_185915593C,EVID_00009,multi_ocr_fusion,engine:easyocr,WARNING,unavailable (library or binary not installed),0.0
2026-07-25T17:18:50.679Z,CASE_185915593C,EVID_00009,multi_ocr_fusion,engine:tesseract,WARNING,unavailable (library or binary not installed),0.0
2026-07-25T17:18:50.695Z,CASE_185915593C,EVID_00009,multi_ocr_fusion,completed,INFO,selected=paddleocr source=selected confidence=0.99,8747.9
2026-07-25T17:18:50.731Z,CASE_185915593C,EVID_00009,logo_detection,detected,INFO,"brands=['Khalti', 'WhatsApp', 'eSewa']",30.2
2026-07-25T17:18:50.735Z,CASE_185915593C,EVID_00009,confidence_scoring,scored,INFO,score=94.1 level=VERY_HIGH components=6/6,0.0
2026-07-25T17:18:50.735Z,CASE_185915593C,EVID_00009,phase1_pipeline,completed,INFO,"analyses=['confidence', 'fingerprint', 'forgery', 'fusion', 'logos', 'metadata', 'preprocessing', 'quality'] failures=none",8979.0
2026-07-25T17:19:04.825Z,CASE_185915593C,EVID_00010,phase1_pipeline,started,INFO,file=04_esewa_payment_screenshot.jpg image=True,0.0
2026-07-25T17:19:04.837Z,CASE_185915593C,EVID_00010,file_integrity,fingerprinted,INFO,sha256=3a19295ff003a894... entropy=7.1983 magic=JPEG image duplicate=False,5.3
2026-07-25T17:19:04.849Z,CASE_185915593C,EVID_00010,metadata_extraction,extracted,INFO,type=image notes=1 errors=0,7.7
2026-07-25T17:19:04.902Z,CASE_185915593C,EVID_00010,quality_assessment,assessed,INFO,score=56.0 grade=FAIR expected_ocr=73.0%,40.6
2026-07-25T17:19:04.972Z,CASE_185915593C,EVID_00010,forgery_detection,analyzed,INFO,score=14.9 risk=LOW status=LIKELY_AUTHENTIC,67.9
2026-07-25T17:19:04.975Z,CASE_185915593C,EVID_00010,advanced_preprocessing,op:perspective_correction,INFO,applied=False no dominant quadrilateral,2.6
2026-07-25T17:19:04.979Z,CASE_185915593C,EVID_00010,advanced_preprocessing,op:super_resolution,INFO,applied=True lanczos_x1.09,3.7
2026-07-25T17:19:04.984Z,CASE_185915593C,EVID_00010,advanced_preprocessing,op:clahe,INFO,"applied=True clahe(clip=2.5, tiles=8)",4.9
2026-07-25T17:19:04.987Z,CASE_185915593C,EVID_00010,advanced_preprocessing,op:edge_enhancement,INFO,applied=True unsharp_mask(amount=0.6),2.9
2026-07-25T17:19:05.002Z,CASE_185915593C,EVID_00010,advanced_preprocessing,completed,INFO,3/4 operations applied,28.5
2026-07-25T17:19:50.267Z,CASE_185915593C,EVID_00010,multi_ocr_fusion,engine:paddleocr,INFO,"18 lines, avg conf 0.91",45253.0
2026-07-25T17:19:50.281Z,CASE_185915593C,EVID_00010,multi_ocr_fusion,engine:easyocr,WARNING,unavailable (library or binary not installed),0.0
2026-07-25T17:19:50.282Z,CASE_185915593C,EVID_00010,multi_ocr_fusion,engine:tesseract,WARNING,unavailable (library or binary not installed),0.0
2026-07-25T17:19:50.298Z,CASE_185915593C,EVID_00010,multi_ocr_fusion,completed,INFO,selected=paddleocr source=selected confidence=0.91,45283.0
2026-07-25T17:19:50.348Z,CASE_185915593C,EVID_00010,logo_detection,detected,INFO,"brands=['Gmail', 'eSewa']",44.2
2026-07-25T17:19:50.353Z,CASE_185915593C,EVID_00010,confidence_scoring,scored,INFO,score=84.4 level=VERY_HIGH components=6/6,0.0
2026-07-25T17:19:50.353Z,CASE_185915593C,EVID_00010,phase1_pipeline,completed,INFO,"analyses=['confidence', 'fingerprint', 'forgery', 'fusion', 'logos', 'metadata', 'preprocessing', 'quality'] failures=none",45529.0
2026-07-25T17:20:06.384Z,CASE_185915593C,EVID_00011,phase1_pipeline,started,INFO,file=05_khalti_receipt.jpg image=True,0.0
2026-07-25T17:20:06.396Z,CASE_185915593C,EVID_00011,file_integrity,fingerprinted,INFO,sha256=54a62cd3ad10a85b... entropy=7.215 magic=JPEG image duplicate=False,5.1
2026-07-25T17:20:06.414Z,CASE_185915593C,EVID_00011,metadata_extraction,extracted,INFO,type=image notes=1 errors=0,9.2
2026-07-25T17:20:06.464Z,CASE_185915593C,EVID_00011,quality_assessment,assessed,INFO,score=68.2 grade=GOOD expected_ocr=84.1%,39.3
2026-07-25T17:20:06.536Z,CASE_185915593C,EVID_00011,forgery_detection,analyzed,INFO,score=25.2 risk=MEDIUM status=INDETERMINATE,70.8
2026-07-25T17:20:06.541Z,CASE_185915593C,EVID_00011,advanced_preprocessing,op:perspective_correction,INFO,applied=False no dominant quadrilateral,3.9
2026-07-25T17:20:06.547Z,CASE_185915593C,EVID_00011,advanced_preprocessing,op:super_resolution,INFO,applied=True lanczos_x1.09,5.1
2026-07-25T17:20:06.550Z,CASE_185915593C,EVID_00011,advanced_preprocessing,op:edge_enhancement,INFO,applied=True unsharp_mask(amount=0.6),2.9
2026-07-25T17:20:06.564Z,CASE_185915593C,EVID_00011,advanced_preprocessing,completed,INFO,2/3 operations applied,26.0
2026-07-25T17:20:21.139Z,CASE_185915593C,EVID_00011,multi_ocr_fusion,engine:paddleocr,INFO,"19 lines, avg conf 0.98",14566.9
2026-07-25T17:20:21.147Z,CASE_185915593C,EVID_00011,multi_ocr_fusion,engine:easyocr,WARNING,unavailable (library or binary not installed),0.0
2026-07-25T17:20:21.148Z,CASE_185915593C,EVID_00011,multi_ocr_fusion,engine:tesseract,WARNING,unavailable (library or binary not installed),0.0
2026-07-25T17:20:21.158Z,CASE_185915593C,EVID_00011,multi_ocr_fusion,completed,INFO,selected=paddleocr source=selected confidence=0.98,14586.2
2026-07-25T17:20:21.200Z,CASE_185915593C,EVID_00011,logo_detection,detected,INFO,"brands=['Khalti', 'eSewa']",39.2
2026-07-25T17:20:21.203Z,CASE_185915593C,EVID_00011,confidence_scoring,scored,INFO,score=86.3 level=VERY_HIGH components=6/6,0.0
2026-07-25T17:20:21.203Z,CASE_185915593C,EVID_00011,phase1_pipeline,completed,INFO,"analyses=['confidence', 'fingerprint', 'forgery', 'fusion', 'logos', 'metadata', 'preprocessing', 'quality'] failures=none",14820.3
2026-07-25T17:20:36.135Z,CASE_185915593C,EVID_00012,phase1_pipeline,started,INFO,file=06_phishing_email_screenshot.jpg image=True,0.0
2026-07-25T17:20:36.142Z,CASE_185915593C,EVID_00012,file_integrity,fingerprinted,INFO,sha256=b6ec522eddc05475... entropy=7.5089 magic=JPEG image duplicate=False,4.3
2026-07-25T17:20:36.149Z,CASE_185915593C,EVID_00012,metadata_extraction,extracted,INFO,type=image notes=1 errors=0,4.1
2026-07-25T17:20:36.186Z,CASE_185915593C,EVID_00012,quality_assessment,assessed,INFO,score=54.9 grade=FAIR expected_ocr=71.9%,24.3
2026-07-25T17:20:36.243Z,CASE_185915593C,EVID_00012,forgery_detection,analyzed,INFO,score=19.0 risk=LOW status=LIKELY_AUTHENTIC,56.1
2026-07-25T17:20:36.247Z,CASE_185915593C,EVID_00012,advanced_preprocessing,op:perspective_correction,INFO,applied=False no dominant quadrilateral,3.9
2026-07-25T17:20:36.251Z,CASE_185915593C,EVID_00012,advanced_preprocessing,op:deskew,INFO,applied=True rotate(0.49deg),3.3
2026-07-25T17:20:36.255Z,CASE_185915593C,EVID_00012,advanced_preprocessing,op:super_resolution,INFO,applied=True lanczos_x1.12,3.5
2026-07-25T17:20:36.258Z,CASE_185915593C,EVID_00012,advanced_preprocessing,op:clahe,INFO,"applied=True clahe(clip=2.5, tiles=8)",3.5
2026-07-25T17:20:36.261Z,CASE_185915593C,EVID_00012,advanced_preprocessing,op:edge_enhancement,INFO,applied=True unsharp_mask(amount=0.6),2.3
2026-07-25T17:20:36.280Z,CASE_185915593C,EVID_00012,advanced_preprocessing,completed,INFO,4/5 operations applied,35.1
2026-07-25T17:20:49.495Z,CASE_185915593C,EVID_00012,multi_ocr_fusion,engine:paddleocr,INFO,"17 lines, avg conf 0.96",13207.8
2026-07-25T17:20:49.506Z,CASE_185915593C,EVID_00012,multi_ocr_fusion,engine:easyocr,WARNING,unavailable (library or binary not installed),0.0
2026-07-25T17:20:49.507Z,CASE_185915593C,EVID_00012,multi_ocr_fusion,engine:tesseract,WARNING,unavailable (library or binary not installed),0.0
2026-07-25T17:20:49.517Z,CASE_185915593C,EVID_00012,multi_ocr_fusion,completed,INFO,selected=paddleocr source=selected confidence=0.96,13227.7
2026-07-25T17:20:49.547Z,CASE_185915593C,EVID_00012,logo_detection,detected,INFO,brands=['eSewa'],27.4
2026-07-25T17:20:49.552Z,CASE_185915593C,EVID_00012,confidence_scoring,scored,INFO,score=84.4 level=VERY_HIGH components=6/6,0.0
2026-07-25T17:20:49.552Z,CASE_185915593C,EVID_00012,phase1_pipeline,completed,INFO,"analyses=['confidence', 'fingerprint', 'forgery', 'fusion', 'logos', 'metadata', 'preprocessing', 'quality'] failures=none",13418.4
2026-07-25T17:26:17.392Z,CASE_185915593C,EVID_00013,phase1_pipeline,started,INFO,file=07_bank_transfer_slip.pdf image=False,0.0
2026-07-25T17:26:17.423Z,CASE_185915593C,EVID_00013,file_integrity,fingerprinted,INFO,sha256=6f1cc10ae55d554c... entropy=7.8274 magic=PDF document duplicate=True,17.4
2026-07-25T17:26:17.644Z,CASE_185915593C,EVID_00013,metadata_extraction,extracted,INFO,type=pdf notes=0 errors=0,217.1
2026-07-25T17:26:17.648Z,CASE_185915593C,EVID_00013,confidence_scoring,scored,INFO,score=100.0 level=VERY_HIGH components=3/6,0.0
2026-07-25T17:26:17.648Z,CASE_185915593C,EVID_00013,phase1_pipeline,completed,INFO,"analyses=['confidence', 'fingerprint', 'metadata'] failures=none",258.6
2026-07-25T17:26:20.609Z,CASE_185915593C,EVID_00014,phase1_pipeline,started,INFO,file=08_complaint_letter.pdf image=False,0.0
2026-07-25T17:26:20.614Z,CASE_185915593C,EVID_00014,file_integrity,fingerprinted,INFO,sha256=fe644062bf75e62c... entropy=6.1851 magic=PDF document duplicate=True,0.5
2026-07-25T17:26:20.618Z,CASE_185915593C,EVID_00014,metadata_extraction,extracted,INFO,type=pdf notes=0 errors=0,2.1
2026-07-25T17:26:20.619Z,CASE_185915593C,EVID_00014,confidence_scoring,scored,INFO,score=100.0 level=VERY_HIGH components=3/6,0.0
2026-07-25T17:26:20.619Z,CASE_185915593C,EVID_00014,phase1_pipeline,completed,INFO,"analyses=['confidence', 'fingerprint', 'metadata'] failures=none",10.6
2026-08-03T14:00:02.638Z,CASE_1A1BF573F3,EVID_00015,phase1_pipeline,started,INFO,file=01_sms_screenshot.jpg image=True,0.0
2026-08-03T14:00:02.837Z,CASE_1A1BF573F3,EVID_00015,file_integrity,fingerprinted,INFO,sha256=905b21d603ca0a6f... entropy=7.4803 magic=JPEG image duplicate=True,191.1
2026-08-03T14:00:02.844Z,CASE_1A1BF573F3,EVID_00015,metadata_extraction,extracted,INFO,type=image notes=1 errors=0,0.9
2026-08-03T14:00:02.893Z,CASE_1A1BF573F3,EVID_00015,quality_assessment,assessed,INFO,score=62.4 grade=FAIR expected_ocr=79.4%,36.8
2026-08-03T14:00:03.349Z,CASE_1A1BF573F3,EVID_00015,forgery_detection,analyzed,INFO,score=17.8 risk=LOW status=LIKELY_AUTHENTIC,449.6
2026-08-03T14:00:03.390Z,CASE_1A1BF573F3,EVID_00015,logo_detection,detected,INFO,brands=none,36.6
2026-08-03T14:00:03.398Z,CASE_1A1BF573F3,EVID_00015,confidence_scoring,scored,INFO,score=83.6 level=VERY_HIGH components=5/6,0.0
2026-08-03T14:00:03.401Z,CASE_1A1BF573F3,EVID_00015,phase1_pipeline,completed,INFO,"analyses=['confidence', 'fingerprint', 'forgery', 'logos', 'metadata', 'quality'] failures=none",781.6
2026-08-03T14:00:14.122Z,CASE_1A1BF573F3,EVID_00016,phase1_pipeline,started,INFO,file=02_messenger_chat.jpg image=True,0.0
2026-08-03T14:00:14.152Z,CASE_1A1BF573F3,EVID_00016,file_integrity,fingerprinted,INFO,sha256=bb246839287ca1bc... entropy=7.2066 magic=JPEG image duplicate=True,24.0
2026-08-03T14:00:14.159Z,CASE_1A1BF573F3,EVID_00016,metadata_extraction,extracted,INFO,type=image notes=1 errors=0,0.6
2026-08-03T14:00:14.423Z,CASE_1A1BF573F3,EVID_00016,quality_assessment,assessed,INFO,score=66.5 grade=GOOD expected_ocr=83.0%,246.5
2026-08-03T14:00:14.629Z,CASE_1A1BF573F3,EVID_00016,forgery_detection,analyzed,INFO,score=17.6 risk=LOW status=LIKELY_AUTHENTIC,200.8
2026-08-03T14:00:14.761Z,CASE_1A1BF573F3,EVID_00016,logo_detection,detected,INFO,"brands=['Facebook', 'Google', 'Messenger', 'Outlook', 'Telegram']",124.4
2026-08-03T14:00:14.769Z,CASE_1A1BF573F3,EVID_00016,confidence_scoring,scored,INFO,score=84.7 level=VERY_HIGH components=5/6,0.0
2026-08-03T14:00:14.770Z,CASE_1A1BF573F3,EVID_00016,phase1_pipeline,completed,INFO,"analyses=['confidence', 'fingerprint', 'forgery', 'logos', 'metadata', 'quality'] failures=none",666.7
2026-08-03T14:00:17.920Z,CASE_1A1BF573F3,EVID_00017,phase1_pipeline,started,INFO,file=03_qr_code_flyer.png image=True,0.0
2026-08-03T14:00:17.950Z,CASE_1A1BF573F3,EVID_00017,file_integrity,fingerprinted,INFO,sha256=6f712c8b0e4fb6c5... entropy=7.8927 magic=PNG image duplicate=True,23.9
2026-08-03T14:00:17.960Z,CASE_1A1BF573F3,EVID_00017,metadata_extraction,extracted,INFO,type=image notes=1 errors=0,3.8
2026-08-03T14:00:18.035Z,CASE_1A1BF573F3,EVID_00017,quality_assessment,assessed,INFO,score=90.3 grade=EXCELLENT expected_ocr=95.5%,65.0
2026-08-03T14:00:18.160Z,CASE_1A1BF573F3,EVID_00017,forgery_detection,analyzed,INFO,score=8.6 risk=LOW status=LIKELY_AUTHENTIC,117.8
2026-08-03T14:00:18.206Z,CASE_1A1BF573F3,EVID_00017,logo_detection,detected,INFO,brands=['WhatsApp'],41.3
2026-08-03T14:00:18.212Z,CASE_1A1BF573F3,EVID_00017,confidence_scoring,scored,INFO,score=92.9 level=VERY_HIGH components=5/6,0.0
2026-08-03T14:00:18.213Z,CASE_1A1BF573F3,EVID_00017,phase1_pipeline,completed,INFO,"analyses=['confidence', 'fingerprint', 'forgery', 'logos', 'metadata', 'quality'] failures=none",310.4
2026-08-03T14:00:22.082Z,CASE_1A1BF573F3,EVID_00018,phase1_pipeline,started,INFO,file=04_esewa_payment_screenshot.jpg image=True,0.0
2026-08-03T14:00:22.114Z,CASE_1A1BF573F3,EVID_00018,file_integrity,fingerprinted,INFO,sha256=3a19295ff003a894... entropy=7.1983 magic=JPEG image duplicate=True,23.8
2026-08-03T14:00:22.120Z,CASE_1A1BF573F3,EVID_00018,metadata_extraction,extracted,INFO,type=image notes=1 errors=0,0.6
2026-08-03T14:00:22.183Z,CASE_1A1BF573F3,EVID_00018,quality_assessment,assessed,INFO,score=56.0 grade=FAIR expected_ocr=73.0%,49.6
2026-08-03T14:00:22.320Z,CASE_1A1BF573F3,EVID_00018,forgery_detection,analyzed,INFO,score=14.9 risk=LOW status=LIKELY_AUTHENTIC,131.3
2026-08-03T14:00:22.371Z,CASE_1A1BF573F3,EVID_00018,logo_detection,detected,INFO,brands=['eSewa'],46.2
2026-08-03T14:00:22.378Z,CASE_1A1BF573F3,EVID_00018,confidence_scoring,scored,INFO,score=82.8 level=VERY_HIGH components=5/6,0.0
2026-08-03T14:00:22.379Z,CASE_1A1BF573F3,EVID_00018,phase1_pipeline,completed,INFO,"analyses=['confidence', 'fingerprint', 'forgery', 'logos', 'metadata', 'quality'] failures=none",316.5
2026-08-03T14:00:26.051Z,CASE_1A1BF573F3,EVID_00019,phase1_pipeline,started,INFO,file=05_khalti_receipt.jpg image=True,0.0
2026-08-03T14:00:26.079Z,CASE_1A1BF573F3,EVID_00019,file_integrity,fingerprinted,INFO,sha256=54a62cd3ad10a85b... entropy=7.215 magic=JPEG image duplicate=True,22.5
2026-08-03T14:00:26.085Z,CASE_1A1BF573F3,EVID_00019,metadata_extraction,extracted,INFO,type=image notes=1 errors=0,0.6
2026-08-03T14:00:26.140Z,CASE_1A1BF573F3,EVID_00019,quality_assessment,assessed,INFO,score=68.2 grade=GOOD expected_ocr=84.1%,43.7
2026-08-03T14:00:26.269Z,CASE_1A1BF573F3,EVID_00019,forgery_detection,analyzed,INFO,score=24.8 risk=LOW status=LIKELY_AUTHENTIC,123.8
2026-08-03T14:00:26.318Z,CASE_1A1BF573F3,EVID_00019,logo_detection,detected,INFO,brands=['Khalti'],43.6
2026-08-03T14:00:26.325Z,CASE_1A1BF573F3,EVID_00019,confidence_scoring,scored,INFO,score=83.4 level=VERY_HIGH components=5/6,0.0
2026-08-03T14:00:26.326Z,CASE_1A1BF573F3,EVID_00019,phase1_pipeline,completed,INFO,"analyses=['confidence', 'fingerprint', 'forgery', 'logos', 'metadata', 'quality'] failures=none",294.5
2026-08-03T14:00:30.929Z,CASE_1A1BF573F3,EVID_00020,phase1_pipeline,started,INFO,file=06_phishing_email_screenshot.jpg image=True,0.0
2026-08-03T14:00:30.957Z,CASE_1A1BF573F3,EVID_00020,file_integrity,fingerprinted,INFO,sha256=b6ec522eddc05475... entropy=7.5089 magic=JPEG image duplicate=True,21.9
2026-08-03T14:00:30.961Z,CASE_1A1BF573F3,EVID_00020,metadata_extraction,extracted,INFO,type=image notes=1 errors=0,0.5
2026-08-03T14:00:31.013Z,CASE_1A1BF573F3,EVID_00020,quality_assessment,assessed,INFO,score=54.9 grade=FAIR expected_ocr=71.9%,39.7
2026-08-03T14:00:31.108Z,CASE_1A1BF573F3,EVID_00020,forgery_detection,analyzed,INFO,score=18.6 risk=LOW status=LIKELY_AUTHENTIC,89.3
2026-08-03T14:00:31.151Z,CASE_1A1BF573F3,EVID_00020,logo_detection,detected,INFO,brands=none,37.5
2026-08-03T14:00:31.156Z,CASE_1A1BF573F3,EVID_00020,confidence_scoring,scored,INFO,score=81.6 level=VERY_HIGH components=5/6,0.0
2026-08-03T14:00:31.158Z,CASE_1A1BF573F3,EVID_00020,phase1_pipeline,completed,INFO,"analyses=['confidence', 'fingerprint', 'forgery', 'logos', 'metadata', 'quality'] failures=none",245.8
2026-08-03T14:00:53.653Z,CASE_1A1BF573F3,EVID_00021,phase1_pipeline,started,INFO,file=07_bank_transfer_slip.pdf image=False,0.0
2026-08-03T14:00:53.693Z,CASE_1A1BF573F3,EVID_00021,file_integrity,fingerprinted,INFO,sha256=6f1cc10ae55d554c... entropy=7.8274 magic=PDF document duplicate=True,32.7
2026-08-03T14:00:53.699Z,CASE_1A1BF573F3,EVID_00021,metadata_extraction,extracted,INFO,type=pdf notes=0 errors=0,1.6
2026-08-03T14:00:53.705Z,CASE_1A1BF573F3,EVID_00021,confidence_scoring,scored,INFO,score=100.0 level=VERY_HIGH components=3/6,0.0
2026-08-03T14:00:53.707Z,CASE_1A1BF573F3,EVID_00021,phase1_pipeline,completed,INFO,"analyses=['confidence', 'fingerprint', 'metadata'] failures=none",74.0
2026-08-03T14:00:54.438Z,CASE_1A1BF573F3,EVID_00022,phase1_pipeline,started,INFO,file=08_complaint_letter.pdf image=False,0.0
2026-08-03T14:00:54.466Z,CASE_1A1BF573F3,EVID_00022,file_integrity,fingerprinted,INFO,sha256=fe644062bf75e62c... entropy=6.1851 magic=PDF document duplicate=True,21.6
2026-08-03T14:00:54.471Z,CASE_1A1BF573F3,EVID_00022,metadata_extraction,extracted,INFO,type=pdf notes=0 errors=0,1.6
2026-08-03T14:00:54.479Z,CASE_1A1BF573F3,EVID_00022,confidence_scoring,scored,INFO,score=100.0 level=VERY_HIGH components=3/6,0.0
2026-08-03T14:00:54.481Z,CASE_1A1BF573F3,EVID_00022,phase1_pipeline,completed,INFO,"analyses=['confidence', 'fingerprint', 'metadata'] failures=none",62.7
2026-08-03T14:00:55.085Z,CASE_1A1BF573F3,EVID_00023,phase1_pipeline,started,INFO,file=bank_transactions.csv image=False,0.0
2026-08-03T14:00:55.109Z,CASE_1A1BF573F3,EVID_00023,file_integrity,fingerprinted,INFO,sha256=fbc5fcf7403a5aa8... entropy=4.9087 magic=unknown duplicate=False,18.3
2026-08-03T14:00:55.113Z,CASE_1A1BF573F3,EVID_00023,metadata_extraction,extracted,INFO,type=text notes=0 errors=0,0.2
2026-08-03T14:00:55.119Z,CASE_1A1BF573F3,EVID_00023,confidence_scoring,scored,INFO,score=100.0 level=VERY_HIGH components=3/6,0.0
2026-08-03T14:00:55.121Z,CASE_1A1BF573F3,EVID_00023,phase1_pipeline,completed,INFO,"analyses=['confidence', 'fingerprint', 'metadata'] failures=none",54.2
2026-08-03T14:00:57.336Z,CASE_1A1BF573F3,EVID_00024,phase1_pipeline,started,INFO,file=phishing_email_screenshot.png image=True,0.0
2026-08-03T14:00:57.366Z,CASE_1A1BF573F3,EVID_00024,file_integrity,fingerprinted,INFO,sha256=8ef0f27a84960b65... entropy=7.8249 magic=PNG image duplicate=True,24.5
2026-08-03T14:00:57.374Z,CASE_1A1BF573F3,EVID_00024,metadata_extraction,extracted,INFO,type=image notes=1 errors=0,2.5
2026-08-03T14:00:57.399Z,CASE_1A1BF573F3,EVID_00024,quality_assessment,assessed,INFO,score=82.2 grade=EXCELLENT expected_ocr=93.0%,17.3
2026-08-03T14:00:57.465Z,CASE_1A1BF573F3,EVID_00024,forgery_detection,analyzed,INFO,score=21.9 risk=LOW status=LIKELY_AUTHENTIC,61.0
2026-08-03T14:00:57.491Z,CASE_1A1BF573F3,EVID_00024,logo_detection,detected,INFO,"brands=['Facebook', 'Outlook']",19.9
2026-08-03T14:00:57.497Z,CASE_1A1BF573F3,EVID_00024,confidence_scoring,scored,INFO,score=87.6 level=VERY_HIGH components=5/6,0.0
2026-08-03T14:00:57.498Z,CASE_1A1BF573F3,EVID_00024,phase1_pipeline,completed,INFO,"analyses=['confidence', 'fingerprint', 'forgery', 'logos', 'metadata', 'quality'] failures=none",180.0
2026-08-03T14:01:00.632Z,CASE_1A1BF573F3,EVID_00025,phase1_pipeline,started,INFO,file=romanchat.jpg image=True,0.0
2026-08-03T14:01:00.660Z,CASE_1A1BF573F3,EVID_00025,file_integrity,fingerprinted,INFO,sha256=0340d5863313f4cc... entropy=7.9351 magic=JPEG image duplicate=True,22.0
2026-08-03T14:01:00.666Z,CASE_1A1BF573F3,EVID_00025,metadata_extraction,extracted,INFO,type=image notes=1 errors=0,0.6
2026-08-03T14:01:00.714Z,CASE_1A1BF573F3,EVID_00025,quality_assessment,assessed,INFO,score=85.5 grade=EXCELLENT expected_ocr=94.1%,37.5
2026-08-03T14:01:00.805Z,CASE_1A1BF573F3,EVID_00025,forgery_detection,analyzed,INFO,score=19.2 risk=LOW status=LIKELY_AUTHENTIC,85.7
2026-08-03T14:01:00.834Z,CASE_1A1BF573F3,EVID_00025,logo_detection,detected,INFO,brands=none,25.6
2026-08-03T14:01:00.841Z,CASE_1A1BF573F3,EVID_00025,confidence_scoring,scored,INFO,score=89.1 level=VERY_HIGH components=5/6,0.0
2026-08-03T14:01:00.842Z,CASE_1A1BF573F3,EVID_00025,phase1_pipeline,completed,INFO,"analyses=['confidence', 'fingerprint', 'forgery', 'logos', 'metadata', 'quality'] failures=none",225.7
2026-08-20T14:46:35.752Z,CASE_EE8250FB76,EVID_00006,phase1_pipeline,started,INFO,file=07_bank_transfer_slip.pdf image=False,0.0
2026-08-20T14:46:35.801Z,CASE_EE8250FB76,EVID_00006,file_integrity,fingerprinted,INFO,sha256=6f1cc10ae55d554c... entropy=7.8274 magic=PDF document duplicate=True,16.4
2026-08-20T14:46:36.046Z,CASE_EE8250FB76,EVID_00006,metadata_extraction,extracted,INFO,type=pdf notes=0 errors=0,243.1
2026-08-20T14:46:36.048Z,CASE_EE8250FB76,EVID_00006,confidence_scoring,scored,INFO,score=50.0 level=MODERATE components=3/6,0.0
2026-08-20T14:46:36.048Z,CASE_EE8250FB76,EVID_00006,phase1_pipeline,completed,INFO,"analyses=['confidence', 'fingerprint', 'metadata'] failures=none",296.7
2026-08-21T03:25:44.205Z,CASE_1A1BF573F3,EVID_00015,phase1_pipeline,started,INFO,file=01_sms_screenshot.jpg image=True,0.0
2026-08-21T03:25:44.206Z,CASE_1A1BF573F3,EVID_00015,phase1_pipeline,integrity,ERROR,failed: Cannot read evidence file '/Users/sachyam/Documents/Programming/Active/Cybercrime-Investigation-Intelligence-System/evidence_ocr_engine/storage/originals/EVID_00015__ccf57c11__01_sms_screenshot.jpg': [Errno 2] No such file or directory: '/Users/sachyam/Documents/Programming/Active/Cybercrime-Investigation-Intelligence-System/evidence_ocr_engine/storage/originals/EVID_00015__ccf57c11__01_sms_screenshot.jpg',0.0
2026-08-21T03:25:44.215Z,CASE_1A1BF573F3,EVID_00015,metadata_extraction,extracted,INFO,type=image notes=1 errors=2,0.1
2026-08-21T03:25:44.215Z,CASE_1A1BF573F3,EVID_00015,phase1_pipeline,image_load,ERROR,Cannot decode image '/Users/sachyam/Documents/Programming/Active/Cybercrime-Investigation-Intelligence-System/evidence_ocr_engine/storage/originals/EVID_00015__ccf57c11__01_sms_screenshot.jpg': [Errno 2] No such file or directory: '/Users/sachyam/Documents/Programming/Active/Cybercrime-Investigation-Intelligence-System/evidence_ocr_engine/storage/originals/EVID_00015__ccf57c11__01_sms_screenshot.jpg',0.0
2026-08-21T03:25:44.221Z,CASE_1A1BF573F3,EVID_00015,confidence_scoring,scored,INFO,score=77.5 level=HIGH components=3/6,0.0
2026-08-21T03:25:44.222Z,CASE_1A1BF573F3,EVID_00015,phase1_pipeline,completed,WARNING,"analyses=['confidence', 'metadata'] failures=[""integrity: Cannot read evidence file '/Users/sachyam/Documents/Programming/Active/Cybercrime-Investigation-Intelligence-System/evidence_ocr_engine/storage/originals/EVID_00015__ccf57c11__01_sms_screenshot.jpg': [Errno 2] No such file or directory: '/Users/sachyam/Documents/Programming/Active/Cybercrime-Investigation-Intelligence-System/evidence_ocr_engine/storage/originals/EVID_00015__ccf57c11__01_sms_screenshot.jpg'"", ""image_load: Cannot decode image '/Users/sachyam/Documents/Programming/Active/Cybercrime-Investigation-Intelligence-System/evidence_ocr_engine/storage/originals/EVID_00015__ccf57c11__01_sms_screenshot.jpg': [Errno 2] No such file or directory: '/Users/sachyam/Documents/Programming/Active/Cybercrime-Investigation-Intelligence-System/evidence_ocr_engine/storage/originals/EVID_00015__ccf57c11__01_sms_screenshot.jpg'""]",16.8
2026-08-21T03:25:44.224Z,CASE_1A1BF573F3,EVID_00016,phase1_pipeline,started,INFO,file=02_messenger_chat.jpg image=True,0.0
2026-08-21T03:25:44.224Z,CASE_1A1BF573F3,EVID_00016,phase1_pipeline,integrity,ERROR,failed: Cannot read evidence file '/Users/sachyam/Documents/Programming/Active/Cybercrime-Investigation-Intelligence-System/evidence_ocr_engine/storage/originals/EVID_00016__958539b6__02_messenger_chat.jpg': [Errno 2] No such file or directory: '/Users/sachyam/Documents/Programming/Active/Cybercrime-Investigation-Intelligence-System/evidence_ocr_engine/storage/originals/EVID_00016__958539b6__02_messenger_chat.jpg',0.0
2026-08-21T03:25:44.225Z,CASE_1A1BF573F3,EVID_00016,metadata_extraction,extracted,INFO,type=image notes=1 errors=2,0.1
2026-08-21T03:25:44.225Z,CASE_1A1BF573F3,EVID_00016,phase1_pipeline,image_load,ERROR,Cannot decode image '/Users/sachyam/Documents/Programming/Active/Cybercrime-Investigation-Intelligence-System/evidence_ocr_engine/storage/originals/EVID_00016__958539b6__02_messenger_chat.jpg': [Errno 2] No such file or directory: '/Users/sachyam/Documents/Programming/Active/Cybercrime-Investigation-Intelligence-System/evidence_ocr_engine/storage/originals/EVID_00016__958539b6__02_messenger_chat.jpg',0.0
2026-08-21T03:25:44.226Z,CASE_1A1BF573F3,EVID_00016,confidence_scoring,scored,INFO,score=77.5 level=HIGH components=3/6,0.0
2026-08-21T03:25:44.226Z,CASE_1A1BF573F3,EVID_00016,phase1_pipeline,completed,WARNING,"analyses=['confidence', 'metadata'] failures=[""integrity: Cannot read evidence file '/Users/sachyam/Documents/Programming/Active/Cybercrime-Investigation-Intelligence-System/evidence_ocr_engine/storage/originals/EVID_00016__958539b6__02_messenger_chat.jpg': [Errno 2] No such file or directory: '/Users/sachyam/Documents/Programming/Active/Cybercrime-Investigation-Intelligence-System/evidence_ocr_engine/storage/originals/EVID_00016__958539b6__02_messenger_chat.jpg'"", ""image_load: Cannot decode image '/Users/sachyam/Documents/Programming/Active/Cybercrime-Investigation-Intelligence-System/evidence_ocr_engine/storage/originals/EVID_00016__958539b6__02_messenger_chat.jpg': [Errno 2] No such file or directory: '/Users/sachyam/Documents/Programming/Active/Cybercrime-Investigation-Intelligence-System/evidence_ocr_engine/storage/originals/EVID_00016__958539b6__02_messenger_chat.jpg'""]",2.8
2026-08-21T03:25:44.228Z,CASE_1A1BF573F3,EVID_00017,phase1_pipeline,started,INFO,file=03_qr_code_flyer.png image=True,0.0
2026-08-21T03:25:44.228Z,CASE_1A1BF573F3,EVID_00017,phase1_pipeline,integrity,ERROR,failed: Cannot read evidence file '/Users/sachyam/Documents/Programming/Active/Cybercrime-Investigation-Intelligence-System/evidence_ocr_engine/storage/originals/EVID_00017__05312fde__03_qr_code_flyer.png': [Errno 2] No such file or directory: '/Users/sachyam/Documents/Programming/Active/Cybercrime-Investigation-Intelligence-System/evidence_ocr_engine/storage/originals/EVID_00017__05312fde__03_qr_code_flyer.png',0.0
2026-08-21T03:25:44.230Z,CASE_1A1BF573F3,EVID_00017,metadata_extraction,extracted,INFO,type=image notes=1 errors=2,0.1
2026-08-21T03:25:44.230Z,CASE_1A1BF573F3,EVID_00017,phase1_pipeline,image_load,ERROR,Cannot decode image '/Users/sachyam/Documents/Programming/Active/Cybercrime-Investigation-Intelligence-System/evidence_ocr_engine/storage/originals/EVID_00017__05312fde__03_qr_code_flyer.png': [Errno 2] No such file or directory: '/Users/sachyam/Documents/Programming/Active/Cybercrime-Investigation-Intelligence-System/evidence_ocr_engine/storage/originals/EVID_00017__05312fde__03_qr_code_flyer.png',0.0
2026-08-21T03:25:44.231Z,CASE_1A1BF573F3,EVID_00017,confidence_scoring,scored,INFO,score=77.5 level=HIGH components=3/6,0.0
2026-08-21T03:25:44.231Z,CASE_1A1BF573F3,EVID_00017,phase1_pipeline,completed,WARNING,"analyses=['confidence', 'metadata'] failures=[""integrity: Cannot read evidence file '/Users/sachyam/Documents/Programming/Active/Cybercrime-Investigation-Intelligence-System/evidence_ocr_engine/storage/originals/EVID_00017__05312fde__03_qr_code_flyer.png': [Errno 2] No such file or directory: '/Users/sachyam/Documents/Programming/Active/Cybercrime-Investigation-Intelligence-System/evidence_ocr_engine/storage/originals/EVID_00017__05312fde__03_qr_code_flyer.png'"", ""image_load: Cannot decode image '/Users/sachyam/Documents/Programming/Active/Cybercrime-Investigation-Intelligence-System/evidence_ocr_engine/storage/originals/EVID_00017__05312fde__03_qr_code_flyer.png': [Errno 2] No such file or directory: '/Users/sachyam/Documents/Programming/Active/Cybercrime-Investigation-Intelligence-System/evidence_ocr_engine/storage/originals/EVID_00017__05312fde__03_qr_code_flyer.png'""]",3.7
2026-08-21T03:25:44.233Z,CASE_1A1BF573F3,EVID_00018,phase1_pipeline,started,INFO,file=04_esewa_payment_screenshot.jpg image=True,0.0
2026-08-21T03:25:44.233Z,CASE_1A1BF573F3,EVID_00018,phase1_pipeline,integrity,ERROR,failed: Cannot read evidence file '/Users/sachyam/Documents/Programming/Active/Cybercrime-Investigation-Intelligence-System/evidence_ocr_engine/storage/originals/EVID_00018__0a935ec9__04_esewa_payment_screenshot.jpg': [Errno 2] No such file or directory: '/Users/sachyam/Documents/Programming/Active/Cybercrime-Investigation-Intelligence-System/evidence_ocr_engine/storage/originals/EVID_00018__0a935ec9__04_esewa_payment_screenshot.jpg',0.0
2026-08-21T03:25:44.235Z,CASE_1A1BF573F3,EVID_00018,metadata_extraction,extracted,INFO,type=image notes=1 errors=2,0.0
2026-08-21T03:25:44.235Z,CASE_1A1BF573F3,EVID_00018,phase1_pipeline,image_load,ERROR,Cannot decode image '/Users/sachyam/Documents/Programming/Active/Cybercrime-Investigation-Intelligence-System/evidence_ocr_engine/storage/originals/EVID_00018__0a935ec9__04_esewa_payment_screenshot.jpg': [Errno 2] No such file or directory: '/Users/sachyam/Documents/Programming/Active/Cybercrime-Investigation-Intelligence-System/evidence_ocr_engine/storage/originals/EVID_00018__0a935ec9__04_esewa_payment_screenshot.jpg',0.0
2026-08-21T03:25:44.236Z,CASE_1A1BF573F3,EVID_00018,confidence_scoring,scored,INFO,score=77.5 level=HIGH components=3/6,0.0
2026-08-21T03:25:44.236Z,CASE_1A1BF573F3,EVID_00018,phase1_pipeline,completed,WARNING,"analyses=['confidence', 'metadata'] failures=[""integrity: Cannot read evidence file '/Users/sachyam/Documents/Programming/Active/Cybercrime-Investigation-Intelligence-System/evidence_ocr_engine/storage/originals/EVID_00018__0a935ec9__04_esewa_payment_screenshot.jpg': [Errno 2] No such file or directory: '/Users/sachyam/Documents/Programming/Active/Cybercrime-Investigation-Intelligence-System/evidence_ocr_engine/storage/originals/EVID_00018__0a935ec9__04_esewa_payment_screenshot.jpg'"", ""image_load: Cannot decode image '/Users/sachyam/Documents/Programming/Active/Cybercrime-Investigation-Intelligence-System/evidence_ocr_engine/storage/originals/EVID_00018__0a935ec9__04_esewa_payment_screenshot.jpg': [Errno 2] No such file or directory: '/Users/sachyam/Documents/Programming/Active/Cybercrime-Investigation-Intelligence-System/evidence_ocr_engine/storage/originals/EVID_00018__0a935ec9__04_esewa_payment_screenshot.jpg'""]",3.7
2026-08-21T03:25:44.238Z,CASE_1A1BF573F3,EVID_00019,phase1_pipeline,started,INFO,file=05_khalti_receipt.jpg image=True,0.0
2026-08-21T03:25:44.239Z,CASE_1A1BF573F3,EVID_00019,phase1_pipeline,integrity,ERROR,failed: Cannot read evidence file '/Users/sachyam/Documents/Programming/Active/Cybercrime-Investigation-Intelligence-System/evidence_ocr_engine/storage/originals/EVID_00019__45eb7684__05_khalti_receipt.jpg': [Errno 2] No such file or directory: '/Users/sachyam/Documents/Programming/Active/Cybercrime-Investigation-Intelligence-System/evidence_ocr_engine/storage/originals/EVID_00019__45eb7684__05_khalti_receipt.jpg',0.0
2026-08-21T03:25:44.244Z,CASE_1A1BF573F3,EVID_00019,metadata_extraction,extracted,INFO,type=image notes=1 errors=2,0.1
2026-08-21T03:25:44.244Z,CASE_1A1BF573F3,EVID_00019,phase1_pipeline,image_load,ERROR,Cannot decode image '/Users/sachyam/Documents/Programming/Active/Cybercrime-Investigation-Intelligence-System/evidence_ocr_engine/storage/originals/EVID_00019__45eb7684__05_khalti_receipt.jpg': [Errno 2] No such file or directory: '/Users/sachyam/Documents/Programming/Active/Cybercrime-Investigation-Intelligence-System/evidence_ocr_engine/storage/originals/EVID_00019__45eb7684__05_khalti_receipt.jpg',0.0
2026-08-21T03:25:44.245Z,CASE_1A1BF573F3,EVID_00019,confidence_scoring,scored,INFO,score=77.5 level=HIGH components=3/6,0.0
2026-08-21T03:25:44.245Z,CASE_1A1BF573F3,EVID_00019,phase1_pipeline,completed,WARNING,"analyses=['confidence', 'metadata'] failures=[""integrity: Cannot read evidence file '/Users/sachyam/Documents/Programming/Active/Cybercrime-Investigation-Intelligence-System/evidence_ocr_engine/storage/originals/EVID_00019__45eb7684__05_khalti_receipt.jpg': [Errno 2] No such file or directory: '/Users/sachyam/Documents/Programming/Active/Cybercrime-Investigation-Intelligence-System/evidence_ocr_engine/storage/originals/EVID_00019__45eb7684__05_khalti_receipt.jpg'"", ""image_load: Cannot decode image '/Users/sachyam/Documents/Programming/Active/Cybercrime-Investigation-Intelligence-System/evidence_ocr_engine/storage/originals/EVID_00019__45eb7684__05_khalti_receipt.jpg': [Errno 2] No such file or directory: '/Users/sachyam/Documents/Programming/Active/Cybercrime-Investigation-Intelligence-System/evidence_ocr_engine/storage/originals/EVID_00019__45eb7684__05_khalti_receipt.jpg'""]",6.9
2026-08-21T03:27:25.355Z,CASE_1A1BF573F3,EVID_00015,phase1_pipeline,started,INFO,file=01_sms_screenshot.jpg image=True,0.0
2026-08-21T03:27:25.360Z,CASE_1A1BF573F3,EVID_00015,file_integrity,fingerprinted,INFO,sha256=905b21d603ca0a6f... entropy=7.4803 magic=JPEG image duplicate=True,3.9
2026-08-21T03:27:25.364Z,CASE_1A1BF573F3,EVID_00015,metadata_extraction,extracted,INFO,type=image notes=1 errors=0,2.6
2026-08-21T03:27:25.383Z,CASE_1A1BF573F3,EVID_00015,quality_assessment,assessed,INFO,score=62.4 grade=FAIR expected_ocr=79.4%,15.4
2026-08-21T03:27:25.516Z,CASE_1A1BF573F3,EVID_00015,forgery_detection,analyzed,INFO,score=17.8 risk=LOW status=LIKELY_AUTHENTIC,132.0
2026-08-21T03:27:25.530Z,CASE_1A1BF573F3,EVID_00015,logo_detection,detected,INFO,brands=none,12.1
2026-08-21T03:27:25.531Z,CASE_1A1BF573F3,EVID_00015,confidence_scoring,scored,INFO,score=83.6 level=VERY_HIGH components=5/6,0.0
2026-08-21T03:27:25.532Z,CASE_1A1BF573F3,EVID_00015,phase1_pipeline,completed,INFO,"analyses=['confidence', 'fingerprint', 'forgery', 'logos', 'metadata', 'quality'] failures=none",177.4
2026-08-21T03:27:25.534Z,CASE_1A1BF573F3,EVID_00016,phase1_pipeline,started,INFO,file=02_messenger_chat.jpg image=True,0.0
2026-08-21T03:27:25.538Z,CASE_1A1BF573F3,EVID_00016,file_integrity,fingerprinted,INFO,sha256=bb246839287ca1bc... entropy=7.2066 magic=JPEG image duplicate=True,3.3
2026-08-21T03:27:25.539Z,CASE_1A1BF573F3,EVID_00016,metadata_extraction,extracted,INFO,type=image notes=1 errors=0,0.2
2026-08-21T03:27:25.661Z,CASE_1A1BF573F3,EVID_00016,quality_assessment,assessed,INFO,score=66.5 grade=GOOD expected_ocr=83.0%,114.2
2026-08-21T03:27:25.741Z,CASE_1A1BF573F3,EVID_00016,forgery_detection,analyzed,INFO,score=17.6 risk=LOW status=LIKELY_AUTHENTIC,78.8
2026-08-21T03:27:25.790Z,CASE_1A1BF573F3,EVID_00016,logo_detection,detected,INFO,"brands=['Facebook', 'Google', 'Messenger', 'Outlook', 'Telegram']",48.2
2026-08-21T03:27:25.791Z,CASE_1A1BF573F3,EVID_00016,confidence_scoring,scored,INFO,score=84.7 level=VERY_HIGH components=5/6,0.0
2026-08-21T03:27:25.791Z,CASE_1A1BF573F3,EVID_00016,phase1_pipeline,completed,INFO,"analyses=['confidence', 'fingerprint', 'forgery', 'logos', 'metadata', 'quality'] failures=none",257.3
2026-08-21T03:27:25.793Z,CASE_1A1BF573F3,EVID_00017,phase1_pipeline,started,INFO,file=03_qr_code_flyer.png image=True,0.0
2026-08-21T03:27:25.796Z,CASE_1A1BF573F3,EVID_00017,file_integrity,fingerprinted,INFO,sha256=6f712c8b0e4fb6c5... entropy=7.8927 magic=PNG image duplicate=True,1.7
2026-08-21T03:27:25.799Z,CASE_1A1BF573F3,EVID_00017,metadata_extraction,extracted,INFO,type=image notes=1 errors=0,2.8
2026-08-21T03:27:25.824Z,CASE_1A1BF573F3,EVID_00017,quality_assessment,assessed,INFO,score=90.3 grade=EXCELLENT expected_ocr=95.5%,20.8
2026-08-21T03:27:25.864Z,CASE_1A1BF573F3,EVID_00017,forgery_detection,analyzed,INFO,score=8.6 risk=LOW status=LIKELY_AUTHENTIC,39.2
2026-08-21T03:27:25.880Z,CASE_1A1BF573F3,EVID_00017,logo_detection,detected,INFO,brands=['WhatsApp'],14.8
2026-08-21T03:27:25.881Z,CASE_1A1BF573F3,EVID_00017,confidence_scoring,scored,INFO,score=92.9 level=VERY_HIGH components=5/6,0.0
2026-08-21T03:27:25.881Z,CASE_1A1BF573F3,EVID_00017,phase1_pipeline,completed,INFO,"analyses=['confidence', 'fingerprint', 'forgery', 'logos', 'metadata', 'quality'] failures=none",88.0
2026-08-21T03:27:25.883Z,CASE_1A1BF573F3,EVID_00018,phase1_pipeline,started,INFO,file=04_esewa_payment_screenshot.jpg image=True,0.0
2026-08-21T03:27:25.885Z,CASE_1A1BF573F3,EVID_00018,file_integrity,fingerprinted,INFO,sha256=3a19295ff003a894... entropy=7.1983 magic=JPEG image duplicate=True,1.3
2026-08-21T03:27:25.886Z,CASE_1A1BF573F3,EVID_00018,metadata_extraction,extracted,INFO,type=image notes=1 errors=0,0.2
2026-08-21T03:27:25.907Z,CASE_1A1BF573F3,EVID_00018,quality_assessment,assessed,INFO,score=56.0 grade=FAIR expected_ocr=73.0%,18.5
2026-08-21T03:27:25.947Z,CASE_1A1BF573F3,EVID_00018,forgery_detection,analyzed,INFO,score=14.9 risk=LOW status=LIKELY_AUTHENTIC,39.3
2026-08-21T03:27:25.967Z,CASE_1A1BF573F3,EVID_00018,logo_detection,detected,INFO,brands=['eSewa'],18.5
2026-08-21T03:27:25.968Z,CASE_1A1BF573F3,EVID_00018,confidence_scoring,scored,INFO,score=82.8 level=VERY_HIGH components=5/6,0.0
2026-08-21T03:27:25.968Z,CASE_1A1BF573F3,EVID_00018,phase1_pipeline,completed,INFO,"analyses=['confidence', 'fingerprint', 'forgery', 'logos', 'metadata', 'quality'] failures=none",85.3
2026-08-21T03:27:25.970Z,CASE_1A1BF573F3,EVID_00019,phase1_pipeline,started,INFO,file=05_khalti_receipt.jpg image=True,0.0
2026-08-21T03:27:25.972Z,CASE_1A1BF573F3,EVID_00019,file_integrity,fingerprinted,INFO,sha256=54a62cd3ad10a85b... entropy=7.215 magic=JPEG image duplicate=True,1.4
2026-08-21T03:27:25.973Z,CASE_1A1BF573F3,EVID_00019,metadata_extraction,extracted,INFO,type=image notes=1 errors=0,0.2
2026-08-21T03:27:25.993Z,CASE_1A1BF573F3,EVID_00019,quality_assessment,assessed,INFO,score=68.2 grade=GOOD expected_ocr=84.1%,17.6
2026-08-21T03:27:26.033Z,CASE_1A1BF573F3,EVID_00019,forgery_detection,analyzed,INFO,score=25.2 risk=MEDIUM status=INDETERMINATE,38.7
2026-08-21T03:27:26.051Z,CASE_1A1BF573F3,EVID_00019,logo_detection,detected,INFO,brands=['Khalti'],17.8
2026-08-21T03:27:26.052Z,CASE_1A1BF573F3,EVID_00019,confidence_scoring,scored,INFO,score=83.2 level=VERY_HIGH components=5/6,0.0
2026-08-21T03:27:26.052Z,CASE_1A1BF573F3,EVID_00019,phase1_pipeline,completed,INFO,"analyses=['confidence', 'fingerprint', 'forgery', 'logos', 'metadata', 'quality'] failures=none",82.8
2026-08-21T03:49:09.846Z,CASE_1669573023,EVID_00026,phase1_pipeline,started,INFO,file=demo_receipt.jpg image=True,0.0
2026-08-21T03:49:09.851Z,CASE_1669573023,EVID_00026,file_integrity,fingerprinted,INFO,sha256=54a62cd3ad10a85b... entropy=7.215 magic=JPEG image duplicate=True,3.7
2026-08-21T03:49:09.853Z,CASE_1669573023,EVID_00026,metadata_extraction,extracted,INFO,type=image notes=1 errors=0,0.9
2026-08-21T03:49:09.883Z,CASE_1669573023,EVID_00026,quality_assessment,assessed,INFO,score=68.2 grade=GOOD expected_ocr=84.1%,24.3
2026-08-21T03:49:09.937Z,CASE_1669573023,EVID_00026,forgery_detection,analyzed,INFO,score=25.2 risk=MEDIUM status=INDETERMINATE,51.0
2026-08-21T03:49:09.958Z,CASE_1669573023,EVID_00026,logo_detection,detected,INFO,brands=['Khalti'],19.7
2026-08-21T03:49:09.959Z,CASE_1669573023,EVID_00026,confidence_scoring,scored,INFO,score=83.2 level=VERY_HIGH components=5/6,0.0
2026-08-21T03:49:09.959Z,CASE_1669573023,EVID_00026,phase1_pipeline,completed,INFO,"analyses=['confidence', 'fingerprint', 'forgery', 'logos', 'metadata', 'quality'] failures=none",113.6
2026-08-21T04:00:23.484Z,CASE_C88AEF6AA3,EVID_00026,phase1_pipeline,started,INFO,file=demo_receipt.jpg image=True,0.0
2026-08-21T04:00:23.491Z,CASE_C88AEF6AA3,EVID_00026,file_integrity,fingerprinted,INFO,sha256=54a62cd3ad10a85b... entropy=7.215 magic=JPEG image duplicate=True,5.2
2026-08-21T04:00:23.494Z,CASE_C88AEF6AA3,EVID_00026,metadata_extraction,extracted,INFO,type=image notes=1 errors=0,1.6
2026-08-21T04:00:23.525Z,CASE_C88AEF6AA3,EVID_00026,quality_assessment,assessed,INFO,score=68.2 grade=GOOD expected_ocr=84.1%,23.5
2026-08-21T04:00:24.003Z,CASE_C88AEF6AA3,EVID_00026,forgery_detection,analyzed,INFO,score=25.2 risk=MEDIUM status=INDETERMINATE,477.2
2026-08-21T04:00:24.038Z,CASE_C88AEF6AA3,EVID_00026,logo_detection,detected,INFO,brands=['Khalti'],19.5
2026-08-21T04:00:24.039Z,CASE_C88AEF6AA3,EVID_00026,confidence_scoring,scored,INFO,score=83.2 level=VERY_HIGH components=5/6,0.0
2026-08-21T04:00:24.040Z,CASE_C88AEF6AA3,EVID_00026,phase1_pipeline,completed,INFO,"analyses=['confidence', 'fingerprint', 'forgery', 'logos', 'metadata', 'quality'] failures=none",555.9
2026-08-21T04:34:12.853Z,CASE_09C3784530,EVID_00026,phase1_pipeline,started,INFO,file=01_sms_lottery.jpg image=True,0.0
2026-08-21T04:34:12.886Z,CASE_09C3784530,EVID_00026,file_integrity,fingerprinted,INFO,sha256=0db92448bf27f3ec... entropy=7.2418 magic=JPEG image duplicate=False,16.1
2026-08-21T04:34:12.896Z,CASE_09C3784530,EVID_00026,metadata_extraction,extracted,INFO,type=image notes=1 errors=0,4.6
2026-08-21T04:34:12.931Z,CASE_09C3784530,EVID_00026,quality_assessment,assessed,INFO,score=65.8 grade=GOOD expected_ocr=82.5%,25.2
2026-08-21T04:34:12.998Z,CASE_09C3784530,EVID_00026,forgery_detection,analyzed,INFO,score=25.4 risk=MEDIUM status=INDETERMINATE,61.5
2026-08-21T04:34:13.033Z,CASE_09C3784530,EVID_00026,logo_detection,detected,INFO,brands=none,25.0
2026-08-21T04:34:13.039Z,CASE_09C3784530,EVID_00026,confidence_scoring,scored,INFO,score=82.6 level=VERY_HIGH components=5/6,0.0
2026-08-21T04:34:13.039Z,CASE_09C3784530,EVID_00026,phase1_pipeline,completed,INFO,"analyses=['confidence', 'fingerprint', 'forgery', 'logos', 'metadata', 'quality'] failures=none",195.4
2026-08-21T04:34:21.384Z,CASE_09C3784530,EVID_00027,phase1_pipeline,started,INFO,file=02_whatsapp_thread.jpg image=True,0.0
2026-08-21T04:34:21.388Z,CASE_09C3784530,EVID_00027,file_integrity,fingerprinted,INFO,sha256=1ec22eb135400277... entropy=7.2351 magic=JPEG image duplicate=False,1.9
2026-08-21T04:34:21.389Z,CASE_09C3784530,EVID_00027,metadata_extraction,extracted,INFO,type=image notes=1 errors=0,0.6
2026-08-21T04:34:21.405Z,CASE_09C3784530,EVID_00027,quality_assessment,assessed,INFO,score=65.3 grade=GOOD expected_ocr=82.2%,11.7
2026-08-21T04:34:21.442Z,CASE_09C3784530,EVID_00027,forgery_detection,analyzed,INFO,score=28.0 risk=MEDIUM status=INDETERMINATE,36.0
2026-08-21T04:34:21.460Z,CASE_09C3784530,EVID_00027,logo_detection,detected,INFO,brands=none,16.7
2026-08-21T04:34:21.461Z,CASE_09C3784530,EVID_00027,confidence_scoring,scored,INFO,score=81.8 level=VERY_HIGH components=5/6,0.0
2026-08-21T04:34:21.461Z,CASE_09C3784530,EVID_00027,phase1_pipeline,completed,INFO,"analyses=['confidence', 'fingerprint', 'forgery', 'logos', 'metadata', 'quality'] failures=none",77.7
2026-08-21T04:34:29.065Z,CASE_09C3784530,EVID_00028,phase1_pipeline,started,INFO,file=03_payment_receipt.jpg image=True,0.0
2026-08-21T04:34:29.070Z,CASE_09C3784530,EVID_00028,file_integrity,fingerprinted,INFO,sha256=ce0150b812a68721... entropy=6.7599 magic=JPEG image duplicate=False,1.6
2026-08-21T04:34:29.072Z,CASE_09C3784530,EVID_00028,metadata_extraction,extracted,INFO,type=image notes=1 errors=0,0.5
2026-08-21T04:34:29.088Z,CASE_09C3784530,EVID_00028,quality_assessment,assessed,INFO,score=63.2 grade=FAIR expected_ocr=80.2%,12.1
2026-08-21T04:34:29.127Z,CASE_09C3784530,EVID_00028,forgery_detection,analyzed,INFO,score=28.8 risk=MEDIUM status=INDETERMINATE,37.1
2026-08-21T04:34:29.144Z,CASE_09C3784530,EVID_00028,logo_detection,detected,INFO,brands=none,16.0
2026-08-21T04:34:29.146Z,CASE_09C3784530,EVID_00028,confidence_scoring,scored,INFO,score=81.1 level=VERY_HIGH components=5/6,0.0
2026-08-21T04:34:29.146Z,CASE_09C3784530,EVID_00028,phase1_pipeline,completed,INFO,"analyses=['confidence', 'fingerprint', 'forgery', 'logos', 'metadata', 'quality'] failures=none",81.4
2026-08-21T04:34:29.193Z,CASE_09C3784530,EVID_00029,phase1_pipeline,started,INFO,file=04_bank_statement.csv image=False,0.0
2026-08-21T04:34:29.196Z,CASE_09C3784530,EVID_00029,file_integrity,fingerprinted,INFO,sha256=d369d2801206a0cd... entropy=4.9688 magic=unknown duplicate=False,0.5
2026-08-21T04:34:29.199Z,CASE_09C3784530,EVID_00029,metadata_extraction,extracted,INFO,type=text notes=0 errors=0,0.7
2026-08-21T04:34:29.200Z,CASE_09C3784530,EVID_00029,confidence_scoring,scored,INFO,score=100.0 level=VERY_HIGH components=3/6,0.0
2026-08-21T04:34:29.200Z,CASE_09C3784530,EVID_00029,phase1_pipeline,completed,INFO,"analyses=['confidence', 'fingerprint', 'metadata'] failures=none",7.4
2026-08-21T04:34:29.272Z,CASE_09C3784530,EVID_00030,phase1_pipeline,started,INFO,file=05_complaint.txt image=False,0.0
2026-08-21T04:34:29.274Z,CASE_09C3784530,EVID_00030,file_integrity,fingerprinted,INFO,sha256=fe0602a81995e438... entropy=5.1116 magic=unknown duplicate=False,1.1
2026-08-21T04:34:29.276Z,CASE_09C3784530,EVID_00030,metadata_extraction,extracted,INFO,type=text notes=0 errors=0,0.1
2026-08-21T04:34:29.277Z,CASE_09C3784530,EVID_00030,confidence_scoring,scored,INFO,score=100.0 level=VERY_HIGH components=3/6,0.0
2026-08-21T04:34:29.277Z,CASE_09C3784530,EVID_00030,phase1_pipeline,completed,INFO,"analyses=['confidence', 'fingerprint', 'metadata'] failures=none",5.2
2026-08-21T04:45:22.593Z,CASE_137B13D47D,EVID_00031,phase1_pipeline,started,INFO,file=plain.txt image=False,0.0
2026-08-21T04:45:22.597Z,CASE_137B13D47D,EVID_00031,file_integrity,fingerprinted,INFO,sha256=b66c2dde55cb1ed3... entropy=3.9695 magic=unknown duplicate=False,3.3
2026-08-21T04:45:22.598Z,CASE_137B13D47D,EVID_00031,metadata_extraction,extracted,INFO,type=text notes=0 errors=0,0.1
2026-08-21T04:45:22.599Z,CASE_137B13D47D,EVID_00031,confidence_scoring,scored,INFO,score=100.0 level=VERY_HIGH components=3/6,0.0
2026-08-21T04:45:22.599Z,CASE_137B13D47D,EVID_00031,phase1_pipeline,completed,INFO,"analyses=['confidence', 'fingerprint', 'metadata'] failures=none",6.8
2026-08-21T04:45:26.518Z,CASE_137B13D47D,EVID_00032,phase1_pipeline,started,INFO,file=tiny_blank.png image=True,0.0
2026-08-21T04:45:26.520Z,CASE_137B13D47D,EVID_00032,file_integrity,fingerprinted,INFO,sha256=0a82d46b32a151b0... entropy=4.6271 magic=PNG image duplicate=False,0.7
2026-08-21T04:45:26.522Z,CASE_137B13D47D,EVID_00032,metadata_extraction,extracted,INFO,type=image notes=1 errors=0,0.7
2026-08-21T04:45:26.525Z,CASE_137B13D47D,EVID_00032,quality_assessment,assessed,INFO,score=29.3 grade=POOR expected_ocr=40.9%,2.1
2026-08-21T04:45:26.552Z,CASE_137B13D47D,EVID_00032,forgery_detection,analyzed,INFO,score=0.0 risk=LOW status=LIKELY_AUTHENTIC,26.0
2026-08-21T04:45:26.556Z,CASE_137B13D47D,EVID_00032,logo_detection,detected,INFO,brands=none,2.8
2026-08-21T04:45:26.557Z,CASE_137B13D47D,EVID_00032,confidence_scoring,scored,INFO,score=79.8 level=HIGH components=5/6,0.0
2026-08-21T04:45:26.558Z,CASE_137B13D47D,EVID_00032,phase1_pipeline,completed,INFO,"analyses=['confidence', 'fingerprint', 'forgery', 'logos', 'metadata', 'quality'] failures=none",39.5
2026-08-21T04:46:07.793Z,CASE_137B13D47D,EVID_00033,phase1_pipeline,started,INFO,file=notanimage.jpg image=True,0.0
2026-08-21T04:46:07.797Z,CASE_137B13D47D,EVID_00033,file_integrity,fingerprinted,INFO,sha256=0887087e5b54fa4c... entropy=7.9378 magic=unknown duplicate=False,1.1
2026-08-21T04:46:07.802Z,CASE_137B13D47D,EVID_00033,metadata_extraction,extracted,INFO,type=image notes=1 errors=1,4.6
2026-08-21T04:46:07.803Z,CASE_137B13D47D,EVID_00033,phase1_pipeline,image_load,ERROR,Cannot decode image '/Users/sachyam/Documents/Programming/Active/Cybercrime-Investigation-Intelligence-System/evidence_ocr_engine/storage/originals/EVID_00033__6fde6088__notanimage.jpg': cannot identify image file '/Users/sachyam/Documents/Programming/Active/Cybercrime-Investigation-Intelligence-System/evidence_ocr_engine/storage/originals/EVID_00033__6fde6088__notanimage.jpg',0.0
2026-08-21T04:46:07.804Z,CASE_137B13D47D,EVID_00033,confidence_scoring,scored,INFO,score=27.5 level=LOW components=3/6,0.0
2026-08-21T04:46:07.804Z,CASE_137B13D47D,EVID_00033,phase1_pipeline,completed,WARNING,"analyses=['confidence', 'fingerprint', 'metadata'] failures=[""image_load: Cannot decode image '/Users/sachyam/Documents/Programming/Active/Cybercrime-Investigation-Intelligence-System/evidence_ocr_engine/storage/originals/EVID_00033__6fde6088__notanimage.jpg': cannot identify image file '/Users/sachyam/Documents/Programming/Active/Cybercrime-Investigation-Intelligence-System/evidence_ocr_engine/storage/originals/EVID_00033__6fde6088__notanimage.jpg'""]",11.6
