evidence_id,case_id,ocr_engine,page_count,line_count,average_confidence,processing_time_ms,raw_text_preview,json_file,created_at,language,cleaned_text_preview,entity_count,keyword_hits,cleaned_at
EVID_00001,CASE_2CF24DBA5F,paddleocr-v5,1,4,1.0000,20.3,[2026-01-04 09:12] +977-98XXXXXXXX: Congratulations! tapaile lottery jitnu bhayo [2026-01-04 09:12] +977-98XXXXXXXX: पैसा पाउन Rs 2000 पठाउनुहोस् [2026-01-04 09:14] Victim: k ho yo? कसरी? [2026-01-04 ,CASE_2CF24DBA5F.json,2026-07-24T16:06:05.890Z,mixed,[2026-01-04 09:12] +977-98XXXXXXXX: Congratulations! tapaile lottery jitnu bhayo [2026-01-04 09:12] +977-98XXXXXXXX: पैसा पाउन Rs 2000 पठाउनुहोस् [2026-01-04 09:14] Victim: k ho yo? कसरी? [2026-01-04 ,5,4,2026-07-25T11:55:11.323Z
EVID_00002,CASE_2CF24DBA5F,paddleocr-v5,1,4,0.9766,3293.7,"Messages eSewa Alert You won Rs 5,00,000 lottery! Send Rs 2,000 processing fee to ID98xxxxxxxx Claim code: ESW-2026-77413",CASE_2CF24DBA5F.json,2026-07-24T16:06:19.609Z,english,"Messages eSewa Alert You won Rs 5,00,000 lottery! Send Rs 2,000 processing fee to ID98xxxxxxxx Claim code: ESW-2026-77413",2,3,2026-07-25T11:55:11.565Z
EVID_00003,CASE_2CF24DBA5F,paddleocr-v5,1,5,0.5607,4630.7,०o|०००००cl०६०००००००|००००|००००००००००००००|०००००००५ ६o६००६००००|१००००od०|१०००o००६० nHoddns pauo pepuedsns ueeqseu junge Jno Wापशसdल 'wक्कबAपागaम-ावeण//duपiहणाb्oL 8बeed ep0odloपim wकyue्q-axe@pddns  sाaep,CASE_2CF24DBA5F.json,2026-07-24T16:06:34.163Z,mixed,०o|०००००cl०६०००००००|००००|००००००००००००००|०००००००५ ६o६००६००००|१००००od०|१०००o००६० nHoddns pauo pepuedsns ueeqseu junge Jno Wापशसdल 'wक्कबAपागaम-ावeण//duपiहणाb्oL 8बeed ep0odloपim wकyue्q-axe@pddns sाaepp,0,0,2026-07-25T11:55:11.739Z
EVID_00004,CASE_8F43434664,paddleocr-v5,1,4,1.0000,5.1,[2026-01-04 09:12] +977-98XXXXXXXX: Congratulations! tapaile lottery jitnu bhayo [2026-01-04 09:12] +977-98XXXXXXXX: पैसा पाउन Rs 2000 पठाउनुहोस् [2026-01-04 09:14] Victim: k ho yo? कसरी? [2026-01-04 ,CASE_8F43434664.json,2026-07-24T16:07:15.489Z,mixed,[2026-01-04 09:12] +977-98XXXXXXXX: Congratulations! tapaile lottery jitnu bhayo [2026-01-04 09:12] +977-98XXXXXXXX: पैसा पाउन Rs 2000 पठाउनुहोस् [2026-01-04 09:14] Victim: k ho yo? कसरी? [2026-01-04 ,5,4,2026-07-25T11:55:12.245Z
EVID_00005,CASE_8F43434664,paddleocr-v5,1,5,0.5607,4608.4,०o|०००००cl०६०००००००|००००|००००००००००००००|०००००००५ ६o६००६००००|१००००od०|१०००o००६० nHoddns pauo pepuedsns ueeqseu junge Jno Wापशसdल 'wक्कबAपागaम-ावeण//duपiहणाb्oL 8बeed ep0odloपim wकyue्q-axe@pddns  sाaep,CASE_8F43434664.json,2026-07-24T16:07:32.565Z,mixed,०o|०००००cl०६०००००००|००००|००००००००००००००|०००००००५ ६o६००६००००|१००००od०|१०००o००६० nHoddns pauo pepuedsns ueeqseu junge Jno Wापशसdल 'wक्कबAपागaम-ावeण//duपiहणाb्oL 8बeed ep0odloपim wकyue्q-axe@pddns sाaepp,0,0,2026-07-25T11:55:12.465Z
EVID_00006,CASE_8F43434664,paddleocr-v5,1,13,0.9686,8956.9,Soltine... K gardai xau timi. Timi re kaslai timi vanya oee... Timi lai timi vanako... Kan sundaina k ho Vai..e Boyfriend lai Vai... Ummm.. Waha Waha Uso wya tero hatko Vai Tika lagauna aauxu tihar ma,CASE_8F43434664.json,2026-07-24T16:07:48.849Z,mixed,Soltine. K gardai xau timi. Timi re kaslai timi vanya oee. Timi lai timi vanako. Kan sundaina k ho Vai..e boyfriend lai vai. Ummm.. Waha Waha Uso wya tero hatko Vai Tika lagauna aauxu tihar ma pakh.,0,0,2026-07-25T11:55:12.666Z
EVID_00007,CASE_F1278DD84F,paddleocr-v5,1,4,1.0000,4.0,[2026-01-04 09:12] +977-98XXXXXXXX: Congratulations! tapaile lottery jitnu bhayo [2026-01-04 09:12] +977-98XXXXXXXX: पैसा पाउन Rs 2000 पठाउनुहोस् [2026-01-04 09:14] Victim: k ho yo? कसरी? [2026-01-04 ,CASE_F1278DD84F.json,2026-07-24T16:19:58.871Z,mixed,[2026-01-04 09:12] +977-98XXXXXXXX: Congratulations! tapaile lottery jitnu bhayo [2026-01-04 09:12] +977-98XXXXXXXX: पैसा पाउन Rs 2000 पठाउनुहोस् [2026-01-04 09:14] Victim: k ho yo? कसरी? [2026-01-04 ,5,4,2026-07-25T11:55:13.280Z
EVID_00008,CASE_F1278DD84F,paddleocr-v5,1,4,0.9766,10262.3,"Messages eSewa Alert You won Rs 5,00,000 lottery! Send Rs 2,000 processing fee to ID98xxxxxxxx Claim code: ESW-2026-77413",CASE_F1278DD84F.json,2026-07-24T16:20:09.214Z,english,"Messages eSewa Alert You won Rs 5,00,000 lottery! Send Rs 2,000 processing fee to ID98xxxxxxxx Claim code: ESW-2026-77413",2,3,2026-07-25T11:55:13.550Z
EVID_00009,CASE_85B2471DFB,paddleocr-v5,1,4,1.0000,5.5,[2026-01-04 09:12] +977-98XXXXXXXX: Congratulations! tapaile lottery jitnu bhayo [2026-01-04 09:12] +977-98XXXXXXXX: पैसा पाउन Rs 2000 पठाउनुहोस् [2026-01-04 09:14] Victim: k ho yo? कसरी? [2026-01-04 ,CASE_85B2471DFB.json,2026-07-24T16:20:09.238Z,english,"POLICE REPORT - CYBER BUREAU Complaint No: CB-2026-0142 Victim reports fraudulent bank transfer of Rs 250,000. ANNEX A - TRANSACTION TRACE Beneficiary account: 0071-XXXX-9912 Transfer executed via com",1,5,2026-07-25T13:49:38.092Z
EVID_00010,CASE_85B2471DFB,paddleocr-v5,1,4,0.9766,3006.0,"Messages eSewa Alert You won Rs 5,00,000 lottery! Send Rs 2,000 processing fee to ID98xxxxxxxx Claim code: ESW-2026-77413",CASE_85B2471DFB.json,2026-07-24T16:20:12.255Z,english,"date,description,amount_npr,channel 2026-01-04,IBFT transfer to 0071-XXXX-9912,-250000,mobile_banking 2026-01-04,Balance inquiry,0,mobile_banking 2026-01-03,Salary credit,85000,branch",2,1,2026-07-25T13:49:40.320Z
EVID_00009,CASE_36BBE50ED9,paddleocr-v5,2,6,1.0000,275.6,"POLICE REPORT - CYBER BUREAU Complaint No: CB-2026-0142 Victim reports fraudulent bank transfer of Rs 250,000. ANNEX A - TRANSACTION TRACE Beneficiary account: 0071-XXXX-9912 Transfer executed via com",CASE_36BBE50ED9.json,2026-07-25T13:49:38.025Z,english,"POLICE REPORT - CYBER BUREAU Complaint No: CB-2026-0142 Victim reports fraudulent bank transfer of Rs 250,000. ANNEX A - TRANSACTION TRACE Beneficiary account: 0071-XXXX-9912 Transfer executed via com",1,5,2026-07-25T13:49:38.092Z
EVID_00010,CASE_36BBE50ED9,paddleocr-v5,1,4,1.0000,7.0,"date,description,amount_npr,channel 2026-01-04,IBFT transfer to 0071-XXXX-9912,-250000,mobile_banking 2026-01-04,Balance inquiry,0,mobile_banking 2026-01-03,Salary credit,85000,branch",CASE_36BBE50ED9.json,2026-07-25T13:49:40.312Z,english,"date,description,amount_npr,channel 2026-01-04,IBFT transfer to 0071-XXXX-9912,-250000,mobile_banking 2026-01-04,Balance inquiry,0,mobile_banking 2026-01-03,Salary credit,85000,branch",2,1,2026-07-25T13:49:40.321Z
EVID_00011,CASE_9350872D71,paddleocr-v5,2,6,1.0000,81.6,"POLICE REPORT - CYBER BUREAU Complaint No: CB-2026-0142 Victim reports fraudulent bank transfer of Rs 250,000. ANNEX A - TRANSACTION TRACE Beneficiary account: 0071-XXXX-9912 Transfer executed via com",CASE_9350872D71.json,2026-07-25T13:51:58.655Z,english,"POLICE REPORT - CYBER BUREAU Complaint No: CB-2026-0142 Victim reports fraudulent bank transfer of Rs 250,000. ANNEX A - TRANSACTION TRACE Beneficiary account: 0071-XXXX-9912 Transfer executed via com",1,5,2026-07-25T13:51:58.662Z
EVID_00012,CASE_9350872D71,paddleocr-v5,1,13,0.9686,17238.1,Soltine... K gardai xau timi. Timi re kaslai timi vanya oee... Timi lai timi vanako... Kan sundaina k ho Vai..e Boyfriend lai Vai... Ummm.. Waha Waha Uso wya tero hatko Vai Tika lagauna aauxu tihar ma,CASE_9350872D71.json,2026-07-25T13:52:18.394Z,mixed,Soltine. K gardai xau timi. Timi re kaslai timi vanya oee. Timi lai timi vanako. Kan sundaina k ho Vai..e boyfriend lai vai. Ummm.. Waha Waha Uso wya tero hatko Vai Tika lagauna aauxu tihar ma pakh.,0,0,2026-07-25T13:52:18.533Z
EVID_00013,CASE_9350872D71,paddleocr-v5,1,1,1.0000,25.9,https://plasticostermoencogibles.pe/scss/css/scss/,CASE_9350872D71.json,2026-07-25T13:56:06.808Z,english,https://plasticostermoencogibles.pe/scss/css/scss/,2,0,2026-07-25T13:56:06.823Z
EVID_00014,CASE_4106C94201,paddleocr-v5,1,1,1.0000,3.9,https://www.telegrammessage.com/,CASE_4106C94201.json,2026-07-25T14:11:41.918Z,english,https://www.telegrammessage.com/,2,0,2026-07-25T14:11:41.976Z
